day,calday,contacts,touched,new_infected,spread_new_infected,recovered,dead,new_infected_age60_79,recovered_age60_79,dead_age60_79,new_infected_age80_up,recovered_age80_up,dead_age80_up
1,2020-01-01,0,0,6,0,0,0,0,0,0,0,0,0
2,2020-01-02,18,8,2,2,0,0,1,0,0,0,0,0
3,2020-01-03,13,11,3,3,0,0,0,0,0,0,0,0
4,2020-01-04,17,10,3,3,0,0,0,0,0,0,0,0
5,2020-01-05,36,19,5,5,0,0,1,0,0,0,0,0
6,2020-01-06,36,23,4,4,0,0,1,0,0,0,0,0
7,2020-01-07,35,19,5,5,0,0,0,0,0,1,0,0
8,2020-01-08,37,22,4,4,0,0,0,0,0,0,0,0
9,2020-01-09,47,30,8,8,5,0,4,0,0,1,0,0
10,2020-01-10,61,37,4,4,2,0,0,1,0,0,0,0
11,2020-01-11,39,22,6,6,1,0,0,0,0,1,0,0
12,2020-01-12,58,33,4,4,5,0,1,0,0,0,0,0
13,2020-01-13,55,37,11,11,2,0,1,1,0,0,0,0
14,2020-01-14,74,50,13,13,4,0,2,0,0,1,0,0
15,2020-01-15,80,47,6,6,4,0,0,0,0,1,0,0
16,2020-01-16,90,49,8,8,3,0,3,0,0,0,0,0
17,2020-01-17,92,56,15,15,5,0,8,3,0,1,0,0
18,2020-01-18,101,63,15,15,1,0,4,0,0,0,0,0
19,2020-01-19,119,63,11,11,7,0,3,1,0,1,0,0
20,2020-01-20,130,70,15,15,5,0,1,1,0,1,0,0
21,2020-01-21,150,96,19,19,6,0,4,0,0,0,0,0
22,2020-01-22,173,118,26,26,9,0,7,1,0,0,1,0
23,2020-01-23,196,120,34,34,4,0,8,0,0,1,0,0
24,2020-01-24,190,107,21,21,7,0,2,1,0,1,1,0
25,2020-01-25,291,176,44,44,8,0,9,4,0,1,0,0
26,2020-01-26,259,149,27,27,8,0,9,1,0,1,0,0
27,2020-01-27,340,208,47,47,19,0,5,4,0,0,1,0
28,2020-01-28,362,233,50,50,4,0,16,0,0,1,0,0
29,2020-01-29,420,263,55,55,12,0,12,1,0,1,0,0
30,2020-01-30,514,317,60,60,19,0,18,7,0,1,1,0
