day,spreader_id,contact_order,contact_id,targ_agegrp,targ_status,targ_cond,indoor_factor,touch_factor,touch_prob,touched,sendrisk,recvrisk,recovfactor,vaxfactor,infect_risk,infected
3,24003,1,82898,age60_79,unexposed,uninfected,1.1,0.41,0.451,true,0.3,0.54,1.0,1.0,0.162,false
3,24003,2,32476,age20_39,unexposed,uninfected,1.1,0.63,0.6930000000000001,true,0.3,0.39,1.0,1.0,0.11699999999999999,false
3,24003,3,13017,age0_19,unexposed,uninfected,1.1,0.55,0.6050000000000001,false,0.3,0.1,1.0,1.0,0.03,false
3,24003,4,30840,age20_39,unexposed,uninfected,1.1,0.18,0.6930000000000001,true,0.3,0.39,1.0,1.0,0.11699999999999999,true
3,24004,1,95207,age80_up,unexposed,uninfected,1.1,0.35,0.385,true,0.3,0.56,1.0,1.0,0.168,false
3,24004,2,78414,age60_79,unexposed,uninfected,1.1,0.41,0.451,false,0.3,0.54,1.0,1.0,0.162,false
3,24004,3,79797,age60_79,unexposed,uninfected,1.1,0.41,0.451,true,0.3,0.54,1.0,1.0,0.162,false
3,24004,4,70256,age40_59,unexposed,uninfected,1.1,0.61,0.671,false,0.3,0.44,1.0,1.0,0.132,false
3,24004,5,36684,age20_39,unexposed,uninfected,1.1,0.63,0.6930000000000001,true,0.3,0.39,1.0,1.0,0.11699999999999999,false
3,24004,6,86313,age60_79,unexposed,uninfected,1.1,0.18,0.451,true,0.3,0.54,1.0,1.0,0.162,true
3,24004,7,31633,age20_39,unexposed,uninfected,1.1,0.63,0.6930000000000001,true,0.3,0.39,1.0,1.0,0.11699999999999999,false
3,24004,8,12587,age0_19,unexposed,uninfected,1.1,0.55,0.6050000000000001,false,0.3,0.1,1.0,1.0,0.03,false
3,24005,1,27272,age20_39,unexposed,uninfected,1.1,0.63,0.6930000000000001,false,0.3,0.39,1.0,1.0,0.11699999999999999,false
3,24005,2,80345,age60_79,unexposed,uninfected,1.1,0.41,0.451,false,0.3,0.54,1.0,1.0,0.162,false
3,49918,1,78480,age60_79,unexposed,uninfected,1.1,0.41,0.451,false,0.3,0.54,1.0,1.0,0.162,false
3,49919,1,7764,age0_19,unexposed,uninfected,1.1,0.55,0.6050000000000001,false,0.3,0.1,1.0,1.0,0.03,false
3,49919,2,63614,age40_59,unexposed,uninfected,1.1,0.61,0.671,false,0.3,0.44,1.0,1.0,0.132,false
3,49920,1,5405,age0_19,unexposed,uninfected,1.1,0.55,0.6050000000000001,false,0.3,0.1,1.0,1.0,0.03,false
