day,spreader_id,spr_agegrp,spr_cond,spr_duration,spr_variant,indoor_factor,density_factor,contact_factor,contact_scale,num_contacts,sendrisk
2,24003,age20_39,nil,2,base,1.1,0.9042506085245222,1.995,1.9843779604070642,4,0.3
2,24004,age20_39,nil,2,base,1.1,0.9042506085245222,1.995,1.9843779604070642,8,0.3
2,24005,age20_39,nil,2,base,1.1,0.9042506085245222,1.995,1.9843779604070642,2,0.3
2,49918,age40_59,nil,2,base,1.1,0.9042506085245222,1.995,1.9843779604070642,1,0.3
2,49919,age40_59,nil,2,base,1.1,0.9042506085245222,1.995,1.9843779604070642,2,0.3
2,49920,age40_59,nil,2,base,1.1,0.9042506085245222,1.995,1.9843779604070642,1,0.3
3,24003,age20_39,nil,3,base,1.1,0.9042506085245222,1.995,1.9843779604070642,2,0.65
3,24004,age20_39,nil,3,base,1.1,0.9042506085245222,1.995,1.9843779604070642,3,0.65
3,24005,age20_39,nil,3,base,1.1,0.9042506085245222,1.995,1.9843779604070642,0,0.65
3,30840,age20_39,nil,2,base,1.1,0.9042506085245222,1.995,1.9843779604070642,1,0.3
3,49918,age40_59,nil,3,base,1.1,0.9042506085245222,1.995,1.9843779604070642,1,0.65
3,49919,age40_59,nil,3,base,1.1,0.9042506085245222,1.995,1.9843779604070642,4,0.65
3,49920,age40_59,nil,3,base,1.1,0.9042506085245222,1.995,1.9843779604070642,0,0.65
3,86313,age60_79,nil,2,base,1.1,0.9042506085245222,1.615,1.6064012060438138,2,0.3
